docId,subject,verb,object
7X58-6750-Y9NW-H564-00000-00.txt,"[Prime, Outlets]",[started],"[opening, at, midnight, on, Thanksgiving, four, years, ago]"
7X58-6750-Y9NW-H564-00000-00.txt,"[Sears, JCPenney]","[will, throw]",[doors]
7X58-6750-Y9NW-H564-00000-00.txt,"[Disney, Stores, Toys]",[pushed],"[morning, openings]"
7X58-6750-Y9NW-H564-00000-00.txt,"[Toys, Us]","[will, stage]",[events]
7X58-6750-Y9NW-H564-00000-00.txt,[shoppers],[use],"[Friday, pricing]"
7X58-6750-Y9NW-H564-00000-00.txt,[Retailers],[call],"[\""creating]"
7X58-6750-Y9NW-H564-00000-00.txt,[they],[need],[hoopla]
7X58-6750-Y9NW-H564-00000-00.txt,[which],[drew],[shoppers]
7X58-6750-Y9NW-H564-00000-00.txt,"[director, Sara, Ozgun]",[advised],"[how, to, be, one, of, the, first, 500, shoppers, who, show, up, in, pajamas, and, slippers, to, win, a, goody, bag, of, coupons, ,, a, Jockey, nightshirt, and, one, of, five]"
7X58-6750-Y9NW-H564-00000-00.txt,[you],[had],"[to, be, here, by, 10, p.m.]"
7X58-6750-Y9NW-H564-00000-00.txt,[we],[get],[lull]
7X58-6750-Y9NW-H564-00000-00.txt,"[holiday, debacle]",[included],"[percent, sales, decline]"
7X58-6750-Y9NW-H564-00000-00.txt,[Consumers],"[may, spend]","[spending, down]"
7X58-6750-Y9NW-H564-00000-00.txt,[unemployment],"[will, keep]","[spending, down]"
7X58-6750-Y9NW-H564-00000-00.txt,[that],[propel],"[growth.\""I]"
7X58-6750-Y9NW-H564-00000-00.txt,[who],[monitors],[chains]
7X58-6750-Y9NW-H564-00000-00.txt,"[merchandise, sales]","[will, get]",[lift]
7X58-6750-Y9NW-H564-00000-00.txt,[They],[plan],[series]
7X58-6750-Y9NW-H564-00000-00.txt,[what],[promises],"[to, be, the, biggest, sales, day, of, the, year]"
7X58-6750-Y9NW-H564-00000-00.txt,[Malls],[filled],[spaces]
7X58-6750-Y9NW-H564-00000-00.txt,"[Countryside, mall]",[timed],[completion]
7X58-6750-Y9NW-H564-00000-00.txt,[that],[post],"[Friday, ads]"
7X58-6750-Y9NW-H564-00000-00.txt,[prices],[vary],[market]
7X58-6750-Y9NW-H564-00000-00.txt,"[Web, publishers]",[swipe],[ads]
7X58-6750-Y9NW-H564-00000-00.txt,[stores],"[have, been, confirming]",[deals]
7X58-6750-Y9NW-H564-00000-00.txt,[they],[hold],[offers]
7X58-6750-Y9NW-H564-00000-00.txt,[stores],"[are, starting]","[to, embrace, us, by, confirming, their, leaked, ads,\]"
7X58-6750-Y9NW-H564-00000-00.txt,"[\""Walmart]",[confirmed],[ads]
7X58-6750-Y9NW-H564-00000-00.txt,[early?Kids],[outerwear],[percent]
7X58-6750-Y9NW-H564-00000-00.txt,"[80,000Shoppers]",[expected],"[to, mob, each, of, the, Tampa, Bay, area, 's, six, big, malls, on, Black, Friday.64%Shoppers, who, have, yet, to, start, holiday]"
7X58-6750-Y9NW-H564-00000-00.txt,[who],[have],"[to, start, holiday]"
7X58-6750-Y9NW-H564-00000-00.txt,"[consumer, plans, stores]","[are, scheduled]","[to, open, at, 4, a.m., on, Black, Friday]"
7X58-6750-Y9NW-H564-00000-00.txt,[graphic],[listed],[time]
7WW5-NCN0-Y9J0-Y4J3-00000-00.txt,[news],"[has, shrunk]",[pool]
7WW5-NCN0-Y9J0-Y4J3-00000-00.txt,[fair],[offered],[chance]
7WW5-NCN0-Y9J0-Y4J3-00000-00.txt,[news],[deter],[job]
7WW5-NCN0-Y9J0-Y4J3-00000-00.txt,[I],[have],"[to, compete, with,\]"
7WW5-NCN0-Y9J0-Y4J3-00000-00.txt,[he],"[have, found]",[variety]
7WW5-NCN0-Y9J0-Y4J3-00000-00.txt,[office],[had],[booth]
7WW5-NCN0-Y9J0-Y4J3-00000-00.txt,[who],[staffed],[station]
7WW5-NCN0-Y9J0-Y4J3-00000-00.txt,[office],"[has, scheduled]","[fitness, test]"
7WW5-NCN0-Y9J0-Y4J3-00000-00.txt,[department],[wanted],"[to, take, advantage, of, the, large, pool, of, job, seekers, at, the, fair.\""We]"
7WW5-NCN0-Y9J0-Y4J3-00000-00.txt,[we],[wanted],"[before,\]"
7WW5-NCN0-Y9J0-Y4J3-00000-00.txt,[Howell],[began],"[planning, the, job, fair, in, the, spring, uncertain, how, much, interest, area, employers, had, in, holding, it]"
7WW5-NCN0-Y9J0-Y4J3-00000-00.txt,"[\""It]","[might, be, doing]",[something]
7WW5-NCN0-Y9J0-Y4J3-00000-00.txt,"[\""It]",[are],"[something, space]"
7WW5-NCN0-Y9J0-Y4J3-00000-00.txt,[which],"[is, building]","[technology, center]"
7WW5-NCN0-Y9J0-Y4J3-00000-00.txt,"[\""It]",[had],[space]
7WW5-NCN0-Y9J0-Y4J3-00000-00.txt,[which],[underwent],[expansion]
7WW5-NCN0-Y9J0-Y4J3-00000-00.txt,[Sesterhenn],[directed],[applicants]
7VH9-PTG1-2PMW-Y0D1-00000-00.txt,[University],"[will, keep]","[analysis, procedure]"
7VH9-PTG1-2PMW-Y0D1-00000-00.txt,[that],"[have, slashed]","[equity, values]"
7VH9-PTG1-2PMW-Y0D1-00000-00.txt,[She],[cited],[practices]
7VH9-PTG1-2PMW-Y0D1-00000-00.txt,[that],"[have, taken]",[schools]
7VH9-PTG1-2PMW-Y0D1-00000-00.txt,[families],[relied],[practice]
7VH9-PTG1-2PMW-Y0D1-00000-00.txt,"[aid, awards]","[have, taken]",[practice]
7VH9-PTG1-2PMW-Y0D1-00000-00.txt,"[asking, for, parental, contributions, based, on, home, equity]",[put],"[income, homeowners]"
7VH9-PTG1-2PMW-Y0D1-00000-00.txt,[250],[require],[applicants]
7VH9-PTG1-2PMW-Y0D1-00000-00.txt,[This],"[has, caused]",[problems]
7VH9-PTG1-2PMW-Y0D1-00000-00.txt,[which],"[have, viewed]","[home, equity]"
7VH9-PTG1-2PMW-Y0D1-00000-00.txt,[we],"['ve, reviewed]","[home, equity]"
7VH9-PTG1-2PMW-Y0D1-00000-00.txt,[Reyes],[noted],[changes]
7VH9-PTG1-2PMW-Y0D1-00000-00.txt,[We],[have],[families]
7VH9-PTG1-2PMW-Y0D1-00000-00.txt,"[mortgage, balance]",[exceeds],[value]
7VH9-PTG1-2PMW-Y0D1-00000-00.txt,[who],[bought],[homes]
7VH9-PTG1-2PMW-Y0D1-00000-00.txt,[It],[seems],"[to, be, most, common, in, the, areas, where, home, values, have, dropped, significantly, ,, like, California, ,, Florida, ,, New, Mexico, ,, and, Arizona]"
7VH9-PTG1-2PMW-Y0D1-00000-00.txt,[College],"[has, had]","[to, place, a, cap, on, the, amount, parents, can, contribute, from, home, equity, due, to, widespread, unemployment, and, underemployment, of, applicants, ', parents]"
7VH9-PTG1-2PMW-Y0D1-00000-00.txt,[she],[sees],[need]
7VH9-PTG1-2PMW-Y0D1-00000-00.txt,[we],"[Have, changed]",[policy]
7Y85-PKR0-YBKJ-B2B9-00000-00.txt,"[effort, support, parent, bank, engagement]","[has, helped]","[stabilize, the, economies, in, the, economies, in, the, region]"
7Y85-PKR0-YBKJ-B2B9-00000-00.txt,[it],[faces],[challenges]
7Y85-PKR0-YBKJ-B2B9-00000-00.txt,[recovery],"[is, supported]",[supply]
4TXK-W200-TX2G-G11P-00000-00.txt,"[Aldabra, 2, Acquisition, Corp.]",[paid],"[1.63, billion]"
4TXK-W200-TX2G-G11P-00000-00.txt,"[Boise, Inc.now]",[has],"[calendar, days]"
4TXK-W200-TX2G-G11P-00000-00.txt,[exchange],[rejects],[plan]
4TXK-W200-TX2G-G11P-00000-00.txt,"[Â , Boise]","[must, bring]","[share, price, share, price]"
4TXK-W200-TX2G-G11P-00000-00.txt,"[stock, price]","[has, been, pressured]","[market, downturn]"
4TXK-W200-TX2G-G11P-00000-00.txt,[that],"[is, impacting]","[companies, stocks]"
4TXK-W200-TX2G-G11P-00000-00.txt,[we],"[are, disappointed]",[notification]
4TXK-W200-TX2G-G11P-00000-00.txt,[we],"[are, taking]",[steps]
4TXK-W200-TX2G-G11P-00000-00.txt,[We],"[are, encouraged]","[results, progress]"
4TXK-W200-TX2G-G11P-00000-00.txt,[we],"[have, made]","[to, make, in, improving, our, operating, and, financial, performance]"
4TXK-W200-TX2G-G11P-00000-00.txt,[we],[continue],"[to, make, in, improving, our, operating, and, financial, performance]"
4TXK-W200-TX2G-G11P-00000-00.txt,[it],"[will, need]","[to, maintain, its, reporting, obligations, to, the, (, Securities, and, Exchange, Commission, )]"
7WR4-6G21-2R2Y-73JC-00000-00.txt,[you],"[would, hold]",[convention]
7WR4-6G21-2R2Y-73JC-00000-00.txt,[Detroit],"[is, taking]","[meeting, business]"
7WR4-6G21-2R2Y-73JC-00000-00.txt,"[Las, Vegas]","[has, felt]",[pinch]
7WR4-6G21-2R2Y-73JC-00000-00.txt,"[Las, Vegas]",[had],"[meeting, cancellations]"
7WR4-6G21-2R2Y-73JC-00000-00.txt,"[States, Travel, Association]",[released],[study]
7WR4-6G21-2R2Y-73JC-00000-00.txt,[that],[established],[link]
7WR4-6G21-2R2Y-73JC-00000-00.txt,"[meeting, convention, industry]","[must, combat]","[convention, perception]"
7WR4-6G21-2R2Y-73JC-00000-00.txt,[Burton],[launched],"[Nevada, Gaming]"
7WR4-6G21-2R2Y-73JC-00000-00.txt,[which],[helps],"[meeting, planners, and]"
7WR4-6G21-2R2Y-73JC-00000-00.txt,"[sales, departments]",[devise],"[relations, strategies]"
7WR4-6G21-2R2Y-73JC-00000-00.txt,[groups],[want],"[to, help, a, community, hit, by, an, unfortunate, circumstance]"
7WR4-6G21-2R2Y-73JC-00000-00.txt,"[Starbucks, Corp.]",[held],[meeting]
7WR4-6G21-2R2Y-73JC-00000-00.txt,"[community, groups]","[would, welcome]",[help]
7WR4-6G21-2R2Y-73JC-00000-00.txt,"[Iowa, group]","[could, throw]",[wrench]
7WR4-6G21-2R2Y-73JC-00000-00.txt,"[Clarke, County, Development, Corp.]",[filed],[objections]
7WR4-6G21-2R2Y-73JC-00000-00.txt,[which],[holds],"[casino, license]"
7WR4-6G21-2R2Y-73JC-00000-00.txt,[lenders],"[to, take]",[control]
7WR4-6G21-2R2Y-73JC-00000-00.txt,[Herbst],[pays],"[group, 1, million]"
7WR4-6G21-2R2Y-73JC-00000-00.txt,"[Reno, attorney]",[told],"[Moines, Register]"
7WR4-6G21-2R2Y-73JC-00000-00.txt,[column],[appears],[Sundays]
7WR4-6G21-2R2Y-73JC-00000-00.txt,"[E, -]",[mail],[him]
7WR4-6G21-2R2Y-73JC-00000-00.txt,[He],[blogs],[more]
7WR4-6G21-2R2Y-73JC-00000-00.txt,[He],[see],[more]
4VB1-H3G0-TWJ8-K1JG-00000-00.txt,[stories],"[are, taking]",[shape]
4VB1-H3G0-TWJ8-K1JG-00000-00.txt,[year],[gives],[chance]
4VB1-H3G0-TWJ8-K1JG-00000-00.txt,"[Performance, stories]",[rule],[day]
4VB1-H3G0-TWJ8-K1JG-00000-00.txt,[it],"[will, be]",[day]
4VB1-H3G0-TWJ8-K1JG-00000-00.txt,[that],"[could, capture]",[headlines]
4VB1-H3G0-TWJ8-K1JG-00000-00.txt,"[fund, investors]",[accepting],[losses]
4VB1-H3G0-TWJ8-K1JG-00000-00.txt,[yields],"[ca, n't, keep]",[pace]
4VB1-H3G0-TWJ8-K1JG-00000-00.txt,"[term, bond, funds]","[are, guaranteed]","[to, lose, money, ,, at, which, point, individual, investors, should, be, abandoning, their, short, -, duration, bond, funds, (, in, favor, of, buying, Treasuries, directly, and, avoiding, the, expense, ratio, ,, or, for, high, -, yielding, bank, accounts).That, exodus]"
4VB1-H3G0-TWJ8-K1JG-00000-00.txt,[investors],"[should, be, abandoning]","[duration, bond, funds]"
4VB1-H3G0-TWJ8-K1JG-00000-00.txt,[Congress],[reconsidering],"[date, funds]"
4VB1-H3G0-TWJ8-K1JG-00000-00.txt,"[Protection, Act]","[was, passed]",[Congress]
4VB1-H3G0-TWJ8-K1JG-00000-00.txt,[employers],"[to, offer]","[date, funds]"
4VB1-H3G0-TWJ8-K1JG-00000-00.txt,[funds],[offered],[kind]
4VB1-H3G0-TWJ8-K1JG-00000-00.txt,[Regulators],"[have, discussed]",[everything]
4VB1-H3G0-TWJ8-K1JG-00000-00.txt,[issue],[slipped],[everything]
4VB1-H3G0-TWJ8-K1JG-00000-00.txt,[it],"['s, not, coming]",[everything]
4VB1-H3G0-TWJ8-K1JG-00000-00.txt,[pace],[picked],"[to, be, a, constant, in, ']"
4VB1-H3G0-TWJ8-K1JG-00000-00.txt,[it],"['s, going]","[to, be, a, constant, in, ']"
4VB1-H3G0-TWJ8-K1JG-00000-00.txt,"[fund, firms]","[are, finding]","[to, be, a, constant, in, ']"
4VB1-H3G0-TWJ8-K1JG-00000-00.txt,[costs],"[are, rising]","[to, be, a, constant, in, ']"
4VB1-H3G0-TWJ8-K1JG-00000-00.txt,[firms],"[are, consolidating]",[funds]
4VB1-H3G0-TWJ8-K1JG-00000-00.txt,[that],[do],[thing]
4VB1-H3G0-TWJ8-K1JG-00000-00.txt,[firms],"[will, kill]",[issues]
4VB1-H3G0-TWJ8-K1JG-00000-00.txt,[2008],[impaired],"[term, track, record]"
4VB1-H3G0-TWJ8-K1JG-00000-00.txt,[they],"[ca, n't, run]",[business]
4VB1-H3G0-TWJ8-K1JG-00000-00.txt,[they],[cover],[costs]
4VB1-H3G0-TWJ8-K1JG-00000-00.txt,[promoters],"[have, been, throwing]",[funds]
4VB1-H3G0-TWJ8-K1JG-00000-00.txt,[time],"[has, come]",[funds]
4VB1-H3G0-TWJ8-K1JG-00000-00.txt,[that],"[have, n't, gained]",[traction]
4VDJ-DVW0-TX4Y-70S3-00000-00.txt,"[holiday, sales, bankruptcy, judge]",[approves],[plan]
4VDJ-DVW0-TX4Y-70S3-00000-00.txt,"[Circuit, City]",[moved],[plug]
4VDJ-DVW0-TX4Y-70S3-00000-00.txt,[it],"['s, pulling]",[plug]
4VDJ-DVW0-TX4Y-70S3-00000-00.txt,[It],[became],"[to, fall, victim, to, the, expanding, financial, crisis, Friday]"
4VDJ-DVW0-TX4Y-70S3-00000-00.txt,[it],"[will, shut]","[U.S., stores]"
4VDJ-DVW0-TX4Y-70S3-00000-00.txt,[It],[means],[hundreds]
4VDJ-DVW0-TX4Y-70S3-00000-00.txt,"[Circuit, City, Stores]",[Inc.has],[stores]
4VDJ-DVW0-TX4Y-70S3-00000-00.txt,"[Circuit, City]",[opened],[doors]
4VDJ-DVW0-TX4Y-70S3-00000-00.txt,[stores],[set],[precedent]
4VDJ-DVW0-TX4Y-70S3-00000-00.txt,"[electronics, retailer]",[spells],[trouble]
4VDJ-DVW0-TX4Y-70S3-00000-00.txt,[that],"[has, claimed]","[Sound, Advice, KB, Toys, Mervyns, LLC, Linens, N, Things]"
4VDJ-DVW0-TX4Y-70S3-00000-00.txt,"[hedge, fund]",[pulled],[rug]
4VDJ-DVW0-TX4Y-70S3-00000-00.txt,[that],[owned],"[Sound, Advice]"
4VDJ-DVW0-TX4Y-70S3-00000-00.txt,"[Circuit, City]","[had, been, seeking]","[buyer, deal]"
4VDJ-DVW0-TX4Y-70S3-00000-00.txt,"[credit, market, consumer, worries]",[proved],"[insurmountable.\""Very]"
4VDJ-DVW0-TX4Y-70S3-00000-00.txt,[it],[faced],[competition]
4VDJ-DVW0-TX4Y-70S3-00000-00.txt,[which],[built],[stores]
4VDJ-DVW0-TX4Y-70S3-00000-00.txt,"[turnaround, efforts]",[included],"[laying, off, higher, -, paid, employees, ,, opening, smaller, concept, stores, ,, seeking, potential, buyers, ,, changing, management, and, closing, stores]"
4VDJ-DVW0-TX4Y-70S3-00000-00.txt,[it],[laid],"[store, workers]"
4VDJ-DVW0-TX4Y-70S3-00000-00.txt,[it],[replaced],[them]
4VDJ-DVW0-TX4Y-70S3-00000-00.txt,[buyers],[considered],[form]
4VDJ-DVW0-TX4Y-70S3-00000-00.txt,"[Circuit, City]","[could, n't, secure]","[financing, support]"
4VDJ-DVW0-TX4Y-70S3-00000-00.txt,"[Judge, Kevin, Huennekens]",[gave],[approval]
4VDJ-DVW0-TX4Y-70S3-00000-00.txt,[liquidation],[follows],"[shopping, season]"
4VDJ-DVW0-TX4Y-70S3-00000-00.txt,[People],"[have, slashed]",[spending]
4VDJ-DVW0-TX4Y-70S3-00000-00.txt,[Staff],[writers],"[Nicole, Hutcheson, James, Thorner]"
4VDJ-DVW0-TX4Y-70S3-00000-00.txt,[which],[included],[information]
4VDJ-DVW0-TX4Y-70S3-00000-00.txt,[liquidators],[move],"[doing, markdowns]"
4VDJ-DVW0-TX4Y-70S3-00000-00.txt,[liquidators],[begin],"[doing, markdowns]"
4VDJ-DVW0-TX4Y-70S3-00000-00.txt,[sale],"[is, expected]","[to, last, as, long, as, there, is, merchandise]"
4VDJ-DVW0-TX4Y-70S3-00000-00.txt,"[company, officials]","[are, hoping]","[to, last, as, long, as, there, is, merchandise]"
4VDJ-DVW0-TX4Y-70S3-00000-00.txt,[it],"['s, wrapped]",[March]
4VDJ-DVW0-TX4Y-70S3-00000-00.txt,[What],"[will, happen]","[day, notice]"
4VDJ-DVW0-TX4Y-70S3-00000-00.txt,[majority],"[have, been, given]","[day, notice]"
4VDJ-DVW0-TX4Y-70S3-00000-00.txt,[Those],"[will, receive]","[pay, benefits]"
4VDJ-DVW0-TX4Y-70S3-00000-00.txt,[I],[own],"[stock?The, company]"
4VDJ-DVW0-TX4Y-70S3-00000-00.txt,[stock],"[to, have]",[value]
4VDJ-DVW0-TX4Y-70S3-00000-00.txt,[I],"[Can, use]","[City, gift, card?Yes]"
4VDJ-DVW0-TX4Y-70S3-00000-00.txt,[Customers],"[can, redeem]",[them]
4VDJ-DVW0-TX4Y-70S3-00000-00.txt,[stores],"[have, closed]",[them]
4VDJ-DVW0-TX4Y-70S3-00000-00.txt,"[City, protection, plans]","[are, backed]",[party]
4VDJ-DVW0-TX4Y-70S3-00000-00.txt,"[City, protection, plans]","[are, n't, affected]",[liquidation]
4VDJ-DVW0-TX4Y-70S3-00000-00.txt,[I],[purchased],[something]
4VDJ-DVW0-TX4Y-70S3-00000-00.txt,[I],"[Can, bring]","[it, back?Yes]"
7VJP-MPP1-2R2Y-710X-00000-00.txt,"[Market, DSM]",[lost],[points]
7VJP-MPP1-2R2Y-710X-00000-00.txt,[insurers],[gained],[territory]
7VJP-MPP1-2R2Y-710X-00000-00.txt,"[company, Holding, Company, firm, Gulf, Holding]",[posted],[losses]
7VJP-MPP1-2R2Y-710X-00000-00.txt,"[Dhabi, Securities, Exchange]",[lost],[percent]
7VJP-MPP1-2R2Y-710X-00000-00.txt,"[cement, producers]",[reduced],[price]
7VJP-MPP1-2R2Y-710X-00000-00.txt,"[National, Bank]",[bucked],"[tha, trend]"
7VJP-MPP1-2R2Y-710X-00000-00.txt,"[National, Bank]",[gained],[percent]
7VJP-MPP1-2R2Y-710X-00000-00.txt,[stocks],[posted],[profits]
7VJP-MPP1-2R2Y-710X-00000-00.txt,[Ektittab],[posted],[loss]
7VJP-MPP1-2R2Y-710X-00000-00.txt,[UAE],"[is, considering]",[change]
7VJP-MPP1-2R2Y-710X-00000-00.txt,[that],"[would, allow]",[workers]
7VJP-MPP1-2R2Y-710X-00000-00.txt,[who],[lose],[jobs]
7VJP-MPP1-2R2Y-710X-00000-00.txt,[Both],"[are, finished]",[approval]
7VJP-MPP1-2R2Y-710X-00000-00.txt,[Both],[awaiting],[approval]
7VJP-MPP1-2R2Y-710X-00000-00.txt,[fund],"[is, expected]","[to, invest, nearly, half, of, its, cash, assets, of, $, 4.5bn, (, Dhs16.52bn, ), ,, in, shares, and, bonds, across, the, US, and, Europe]"
7VJP-MPP1-2R2Y-710X-00000-00.txt,"[market, pricing]",[looks],"[to, start, investing, in, solid, equities, and, bonds, across, the, US, and, Europe]"
7VJP-MPP1-2R2Y-710X-00000-00.txt,[we],[intend],"[to, start, investing, in, solid, equities, and, bonds, across, the, US, and, Europe]"
7VJP-MPP1-2R2Y-710X-00000-00.txt,"[Al, Khalifa]",[told],"[Gulf, News]"
7VJP-MPP1-2R2Y-710X-00000-00.txt,"[quarter, profit]",[converted],"[bond, issue]"
4P06-5J00-TXCN-S33B-00000-00.txt,"[Price, Index]",[registered],"[percent, increase, advance]"
4P06-5J00-TXCN-S33B-00000-00.txt,"[Hurricane, Katrina]",[shut],"[Coast, oil, production]"
4P06-5J00-TXCN-S33B-00000-00.txt,[which],"[had, been, expected]",[reassurance]
4P06-5J00-TXCN-S33B-00000-00.txt,[which],[provided],[reassurance]
4P06-5J00-TXCN-S33B-00000-00.txt,"[factory, output, mining, both]",[posted],[increases]
4P06-5J00-TXCN-S33B-00000-00.txt,[which],[includes],"[oil, drilling]"
4P06-5J00-TXCN-S33B-00000-00.txt,[gains],"[were, offset]","[percent, plunge]"
4P06-5J00-TXCN-S33B-00000-00.txt,[This],[reflected],[return]
4P06-5J00-TXCN-S33B-00000-00.txt,[markets],"[have, been, roiled]","[inflation, concerns]"
4P06-5J00-TXCN-S33B-00000-00.txt,[yield],[hit],"[year, high]"
4P06-5J00-TXCN-S33B-00000-00.txt,"[interest, rates]","[could, prolong]",[troubles]
4P06-5J00-TXCN-S33B-00000-00.txt,[investors],"[have, abandoned]",[hopes]
4P06-5J00-TXCN-S33B-00000-00.txt,"[Federal, Reserve]","[might, cut]","[interest, rates]"
4P06-5J00-TXCN-S33B-00000-00.txt,[pressures],"[will, keep]",[bank]
4P06-5J00-TXCN-S33B-00000-00.txt,[it],[controls],[that]
4P06-5J00-TXCN-S33B-00000-00.txt,[increase],[reflected],"[oil, bill]"
4P06-5J00-TXCN-S33B-00000-00.txt,[analysts],"[had, been, expecting]",[what]
4P06-5J00-TXCN-S33B-00000-00.txt,[It],[followed],[gains]
4SD2-N1S0-TX2Y-F19G-00000-00.txt,[IPO],[provides],[glimmer]
4SD2-N1S0-TX2Y-F19G-00000-00.txt,[float],"[could, raise]","[Polish, Zlotys, 480, million]"
4SD2-N1S0-TX2Y-F19G-00000-00.txt,[float],"[will, send]",[signal]
4SD2-N1S0-TX2Y-F19G-00000-00.txt,[Cyfrowy],[put],[IPO]
4SD2-N1S0-TX2Y-F19G-00000-00.txt,"[CEO, Dominik, Libicki]",[said],[IPO]
4SD2-N1S0-TX2Y-F19G-00000-00.txt,[Polsat],[added],[subscribers]
4SD2-N1S0-TX2Y-F19G-00000-00.txt,[float],"[will, spur]",[interest]
4SD2-N1S0-TX2Y-F19G-00000-00.txt,[who],"[will, hold]","[%, stake]"
4SD2-N1S0-TX2Y-F19G-00000-00.txt,[IPO],"[could, open]",[door]
4SD2-N1S0-TX2Y-F19G-00000-00.txt,[television],"[will, follow]",[suit]
4SD2-N1S0-TX2Y-F19G-00000-00.txt,[float],"[will, speed]",[process]
4TD4-V4M0-TW87-N162-00000-00.txt,[branch],[features],[pictures]
4TD4-V4M0-TW87-N162-00000-00.txt,[one],[has],[bamboo]
4TD4-V4M0-TW87-N162-00000-00.txt,[one],[has],[chairs]
4TD4-V4M0-TW87-N162-00000-00.txt,"[giant, Capital, One]","[has, tried]","[to, nurture, the, local, look, and, feel, of, the, bank, branches, the, company, bought, as, part, of, a, strategy, to, transform, itself, into, what, longtime, chief, executive, Richard, Fairbank, called, "", one, of, the, nation, 's, great, banks]"
4TD4-V4M0-TW87-N162-00000-00.txt,[strategy],"[has, helped]","[buffer, the, company, from, some, of, the, harshest, effects, of, the, meltdown, in, the, credit, markets]"
4TD4-V4M0-TW87-N162-00000-00.txt,[that],[sent],[stock]
4TD4-V4M0-TW87-N162-00000-00.txt,"[Capital, One]","[is, struggling]","[to, mesh, its, culture, with, that, of, the, banks, it, bought]"
4TD4-V4M0-TW87-N162-00000-00.txt,"[Capital, One]",[made],[name]
4TD4-V4M0-TW87-N162-00000-00.txt,[who],[built],[programs]
4TD4-V4M0-TW87-N162-00000-00.txt,[who],[got],[cards]
4TD4-V4M0-TW87-N162-00000-00.txt,[difference],"[has, produced]",[tensions]
4TD4-V4M0-TW87-N162-00000-00.txt,[Dozens],"[have, quit]","[to, go, to, more, entrepreneurial, firms, such, as, Signature, Bank]"
4TD4-V4M0-TW87-N162-00000-00.txt,[They],[understood],"[banking, business, percent]"
4TD4-V4M0-TW87-N162-00000-00.txt,[they],[understood],[area]
4TD4-V4M0-TW87-N162-00000-00.txt,[he],[hired],[team]
4TD4-V4M0-TW87-N162-00000-00.txt,[he],[intends],"[to, preserve, the, "", explicitly, different, cultures, "", between, the, banking, and, credit, card, businesses]"
4TD4-V4M0-TW87-N162-00000-00.txt,"[Capital, One]",[contemplated],"[giving, the, "", senior, vice, presidents, "", at, the, bank, branches]"
4TD4-V4M0-TW87-N162-00000-00.txt,[that],"[would, have, hurt]",[feelings]
4TD4-V4M0-TW87-N162-00000-00.txt,"[bank, employees]","[could, use]",[that]
4TD4-V4M0-TW87-N162-00000-00.txt,"[banks, card, company]",[offer],[lines]
4TD4-V4M0-TW87-N162-00000-00.txt,[customers],"[can, have]",[access]
4TD4-V4M0-TW87-N162-00000-00.txt,[banks],[bring],[What]
4TD4-V4M0-TW87-N162-00000-00.txt,[which],"[was, used]","[to, fund, credit, card, lending]"
4TD4-V4M0-TW87-N162-00000-00.txt,"[Owning, local, banks]",[gives],[access]
4TD4-V4M0-TW87-N162-00000-00.txt,[who],"[do, n't, have]","[deposit, funding]"
4TD4-V4M0-TW87-N162-00000-00.txt,[It],"[has, had]",[success]
4TD4-V4M0-TW87-N162-00000-00.txt,[Fairbank],[attended],[Stanford]
4TD4-V4M0-TW87-N162-00000-00.txt,[Something],[bugged],"[Fairbank, colleague]"
4TD4-V4M0-TW87-N162-00000-00.txt,"[card, companies]",[charged],"[customers, fee, percent, interest, rate]"
4TD4-V4M0-TW87-N162-00000-00.txt,[they],"[could, build]",[kind]
4TD4-V4M0-TW87-N162-00000-00.txt,[lenders],"[could, send]","[credit, card]"
4TD4-V4M0-TW87-N162-00000-00.txt,[they],"[could, adjust]","[card, promotions]"
4TD4-V4M0-TW87-N162-00000-00.txt,[They],[found],[taker]
4TD4-V4M0-TW87-N162-00000-00.txt,"[Fairbank, Morris]",[recruited],"[League, types]"
4TD4-V4M0-TW87-N162-00000-00.txt,"[Fairbank, Morris]",[paid],[hires]
4TD4-V4M0-TW87-N162-00000-00.txt,[it],"[did, not, seem]","[to, be, working, at, first]"
4TD4-V4M0-TW87-N162-00000-00.txt,"[Fairbank, Morris]",[used],"[car, trips]"
4TD4-V4M0-TW87-N162-00000-00.txt,[We],[had],"[loads, loads]"
4TD4-V4M0-TW87-N162-00000-00.txt,[I],"['d, tell]",[Rich]
4TD4-V4M0-TW87-N162-00000-00.txt,[I],"['m, losing]",[mind]
4TD4-V4M0-TW87-N162-00000-00.txt,[They],[kept],"[to, pay, off]"
4TD4-V4M0-TW87-N162-00000-00.txt,[strategy],[began],"[to, pay, off]"
4TD4-V4M0-TW87-N162-00000-00.txt,[Signet],[started],"[to, reap, huge, profits]"
4TD4-V4M0-TW87-N162-00000-00.txt,[strategy],[guided],[parts]
4TD4-V4M0-TW87-N162-00000-00.txt,[company],[maintained],[office]
4TD4-V4M0-TW87-N162-00000-00.txt,[employees],[piled],"[to, commute, between, Northern, Virginia, and, Richmond]"
4TD4-V4M0-TW87-N162-00000-00.txt,[Rivals],[copied],[strategy]
4TD4-V4M0-TW87-N162-00000-00.txt,"[Growing, Pains, Fairbank]",[decided],"[to, buy, banks, after, what, he, called, a, life, -, changing, 2002]"
4TD4-V4M0-TW87-N162-00000-00.txt,[he],[called],[what]
4TD4-V4M0-TW87-N162-00000-00.txt,[downturn],[crippled],"[capital, markets]"
4TD4-V4M0-TW87-N162-00000-00.txt,"[Capital, One]","[to, get]","[investor, loans]"
4TD4-V4M0-TW87-N162-00000-00.txt,"[government, regulator]",[raised],[questions]
4TD4-V4M0-TW87-N162-00000-00.txt,"[capital, market, debt, markets]",[loses],[confidence]
4TD4-V4M0-TW87-N162-00000-00.txt,[that],[changes],[fortunes]
4TD4-V4M0-TW87-N162-00000-00.txt,[Fairbank],[courted],[leaders]
4TD4-V4M0-TW87-N162-00000-00.txt,"[Capital, One]","[did, not, want]","[to, mess, with, their, successful, model]"
4TD4-V4M0-TW87-N162-00000-00.txt,[strategy],[seemed],"[Gulf, Coast]"
4TD4-V4M0-TW87-N162-00000-00.txt,"[Hurricane, Katrina]",[walloped],"[Gulf, Coast]"
4TD4-V4M0-TW87-N162-00000-00.txt,[firm],[sent],[teams]
4TD4-V4M0-TW87-N162-00000-00.txt,[they],"[did, not, want]","[to, betray, private, conversations]"
4TD4-V4M0-TW87-N162-00000-00.txt,[Kanas],[saw],[bank]
4TD4-V4M0-TW87-N162-00000-00.txt,[Kanas],[declined],"[to, comment]"
4TD4-V4M0-TW87-N162-00000-00.txt,"[One, executives]",[raised],[concerns]
4TD4-V4M0-TW87-N162-00000-00.txt,[which],[made],[loans]
4TD4-V4M0-TW87-N162-00000-00.txt,"[Capital, One]","[had, avoided]","[mortgage, business]"
4TD4-V4M0-TW87-N162-00000-00.txt,[We],"[would, not, have, gone]",[GreenPoint]
4TD4-V4M0-TW87-N162-00000-00.txt,[We],[bought],[GreenPoint]
4TD4-V4M0-TW87-N162-00000-00.txt,[executives],[wanted],[bank]
4TD4-V4M0-TW87-N162-00000-00.txt,"[mortgage, market]",[began],"[to, melt, down]"
4TD4-V4M0-TW87-N162-00000-00.txt,[GreenPoint],"[was, facing]",[losses]
4TD4-V4M0-TW87-N162-00000-00.txt,[decision],"[was, made]","[to, shut, down, GreenPoint]"
4TD4-V4M0-TW87-N162-00000-00.txt,[that],"[would, put]",[it]
4TD4-V4M0-TW87-N162-00000-00.txt,[executives],[began],"[to, feel, better]"
4TD4-V4M0-TW87-N162-00000-00.txt,"[Capital, One]",[increased],[dividend]
4TD4-V4M0-TW87-N162-00000-00.txt,[who],"[would, n't, want]","[to, trade, places, with, where, we, 're, at]"
4TD4-V4M0-TW87-N162-00000-00.txt,[Fairbank],[took],[stage]
4TD4-V4M0-TW87-N162-00000-00.txt,[Fairbank],[displayed],[slides]
4TD4-V4M0-TW87-N162-00000-00.txt,[customers],"[were, failing]","[to, pay, off, their, monthly, bills]"
4TD4-V4M0-TW87-N162-00000-00.txt,[we],[faced],[that]
4TD4-V4M0-TW87-N162-00000-00.txt,[he],[told],"[smattering, board, members, employees]"
4TD4-V4M0-TW87-N162-00000-00.txt,[trouble],"[had, taken]",[toll]
4TD4-V4M0-TW87-N162-00000-00.txt,[It],"[had, built]",[recession]
4TD4-V4M0-TW87-N162-00000-00.txt,[that],[assumes],[downturn]
4TD4-V4M0-TW87-N162-00000-00.txt,"[Endgame, Dr., Doom]",[escapes],[gloom]
4TD4-V4M0-TW87-N162-00000-00.txt,[he],[plays],[center]
4TD4-V4M0-TW87-N162-00000-00.txt,[he],[has],[kids]
4TD4-V4M0-TW87-N162-00000-00.txt,[who],[tend],"[not, to, ask, him, about, the, company, 's, stock, price, when, he, gets, home]"
4TD4-V4M0-TW87-N162-00000-00.txt,[I],[love],[chase]
4TD4-V4M0-TW87-N162-00000-00.txt,[child],"[has, taken]","[sport, golf, ice, hockey, horseback, riding, soccer]"
4TD4-V4M0-TW87-N162-00000-00.txt,[he],"[has, taken]",[it]
4TD4-V4M0-TW87-N162-00000-00.txt,[that],[track],[value]
4TD4-V4M0-TW87-N162-00000-00.txt,[he],"[has, taken]","[379, million]"
4TD4-V4M0-TW87-N162-00000-00.txt,[Fairbank],[runs],[company]
4TD4-V4M0-TW87-N162-00000-00.txt,[fate],"[will, be, decided]","[data, analysts]"
4TD4-V4M0-TW87-N162-00000-00.txt,[Capital],"[will, seek]","[to, penetrate, deeper, into, New, York, ,, Louisiana, and, Texas]"
4TD4-V4M0-TW87-N162-00000-00.txt,[that],[propelled],"[Capital, One]"
4TD4-V4M0-TW87-N162-00000-00.txt,[it],[transformed],"[credit, cards]"
4TD4-V4M0-TW87-N162-00000-00.txt,[he],[looks],"[to, guess, where, the, puck, is, going, in, his, beloved, hockey]"
4TD4-V4M0-TW87-N162-00000-00.txt,[They],"['re, going]","[to, stop, somewhere]"
4TD4-V4M0-TW87-N162-00000-00.txt,[it],"[does, mean]",[what]
7VHC-0TX0-Y8T5-Y2RN-00000-00.txt,[measure],[represents],[path]
7VHC-0TX0-Y8T5-Y2RN-00000-00.txt,[ ],"[will, enable]",[Washington]
7VHC-0TX0-Y8T5-Y2RN-00000-00.txt,[it],"[could, not, do]",[what]
7VHC-0TX0-Y8T5-Y2RN-00000-00.txt,[that],[favors],"[savings, investment]"
7VHC-0TX0-Y8T5-Y2RN-00000-00.txt,[it],"[would, allow]",[flexibility]
7VHC-0TX0-Y8T5-Y2RN-00000-00.txt,"[It,  ]","[would, provide]",[time]
7VHC-0TX0-Y8T5-Y2RN-00000-00.txt,[it],[did],[work]
7VHC-0TX0-Y8T5-Y2RN-00000-00.txt,[announcement],"[would, send]",[sign]
7VHC-0TX0-Y8T5-Y2RN-00000-00.txt,[nation],"[will, put]",[house]
7VHC-0TX0-Y8T5-Y2RN-00000-00.txt,[it],"[may, avert]",[contingency]
7VHC-0TX0-Y8T5-Y2RN-00000-00.txt,[which],"[could, send]",[us]
4T6N-D1B0-TX12-N0W2-00000-00.txt,[who],"[had, expected]",[increase]
4T6N-D1B0-TX12-N0W2-00000-00.txt,"[June, performance]",[left],[analysts]
4T6N-D1B0-TX12-N0W2-00000-00.txt,[Stocks],[took],[tumble]
4T6N-D1B0-TX12-N0W2-00000-00.txt,"[Co., firms]",[raised],[anxieties]
4T6N-D1B0-TX12-N0W2-00000-00.txt,[It],"[has, contributed]",[fifths]
4T6N-D1B0-TX12-N0W2-00000-00.txt,[country],"[has, been, battered]",[housingslump]
4T6N-D1B0-TX12-N0W2-00000-00.txt,[it],"[will, begin]","[to, cool, the, boom, in, exports,\]"
4T6N-D1B0-TX12-N0W2-00000-00.txt,[exports],"[have, built]",[momentum]
4T6N-D1B0-TX12-N0W2-00000-00.txt,"[export, category]","[had, posted]",[gains]
4T6N-D1B0-TX12-N0W2-00000-00.txt,[increase],"[was, driven]","[percent, surge]"
4T6N-D1B0-TX12-N0W2-00000-00.txt,[which],[hit],"[time, high]"
4T6N-D1B0-TX12-N0W2-00000-00.txt,[economy],[dampened],[appetites]
4T6N-D1B0-TX12-N0W2-00000-00.txt,[Democrats],"[should, stop]","[delaying, votes, on, three, pending, free, trade, agreements, with, Colombia, ,, South, Korea, and, Panama.\""We]"
4T6N-D1B0-TX12-N0W2-00000-00.txt,[Democrats],[see],[reason]
4T6N-D1B0-TX12-N0W2-00000-00.txt,[they],"[are, delaying]",[votes]
4T6N-D1B0-TX12-N0W2-00000-00.txt,[administration],[resolves],[questions]
4T6N-D1B0-TX12-N0W2-00000-00.txt,[Bush],[took],[office]
4T6N-D1B0-TX12-N0W2-00000-00.txt,[companies],[moved],[production]
4T6N-D1B0-TX12-N0W2-00000-00.txt,[Trade],"[is, expected]","[to, be, a, major, issue, in, the, upcoming, presidential, campaign]"
4T6N-D1B0-TX12-N0W2-00000-00.txt,[rise],"[\""provided]",[reminder]
4T6N-D1B0-TX12-N0W2-00000-00.txt,[exports],[play],[that]
4T6N-D1B0-TX12-N0W2-00000-00.txt,[Critics],[accuse],[China]
4T6N-D1B0-TX12-N0W2-00000-00.txt,[administration],"[has, been, prodding]",[China]
4T6N-D1B0-TX12-N0W2-00000-00.txt,[currency],"[to, rise]",[moves]
4T6N-D1B0-TX12-N0W2-00000-00.txt,[currency],[head],[moves]
4T6N-D1B0-TX12-N0W2-00000-00.txt,"[U.S., exports]",[hit],[records]
7VJ2-R4F1-2R2Y-70S8-00000-00.txt,"[State, Bank]","[was, ordered]","[to, tighten, up, its, lending, and, collection, practices]"
7VJ2-R4F1-2R2Y-70S8-00000-00.txt,[FDIC],[considered],[matter]
7VJ2-R4F1-2R2Y-70S8-00000-00.txt,[it],[had],[reason]
7VJ2-R4F1-2R2Y-70S8-00000-00.txt,[report],[dated],"[18.The, order]"
7VJ2-R4F1-2R2Y-70S8-00000-00.txt,"[Minnesota, banks]",[included],"[Brickwell, Community, Bank, Riverbank]"
7VJ2-R4F1-2R2Y-70S8-00000-00.txt,[FDIC],[sent],"[cease, desist, order]"
7VJ2-R4F1-2R2Y-70S8-00000-00.txt,[it],[continues],"[that, to, do, business]"
7VJ2-R4F1-2R2Y-70S8-00000-00.txt,[we],"[are, faced]","[with,\]"
7VJ2-R4F1-2R2Y-70S8-00000-00.txt,[Bank],"[has, endured]",[times]
7VJ2-R4F1-2R2Y-70S8-00000-00.txt,[Bank],[see],[more]
4V83-HXY0-TX12-N0CP-00000-00.txt,[recession],"[has, claimed]",[retailer]
4V83-HXY0-TX12-N0CP-00000-00.txt,"[Market, Gourmet]",[began],[going]
4V83-HXY0-TX12-N0CP-00000-00.txt,[business],"[was, started]","[family, patriach]"
4V83-HXY0-TX12-N0CP-00000-00.txt,[store],"[is, liquidating]",[inventory]
7V4B-GJD1-2R2Y-7180-00000-00.txt,"[economist, Tom, Stinson]","[will, issue]",[forecast]
7V4B-GJD1-2R2Y-7180-00000-00.txt,"[Gov., Tim, Pawlenty, legislators]","[have, been, dreading]",[forecast]
7V4B-GJD1-2R2Y-7180-00000-00.txt,[they],[expect],[news]
7V4B-GJD1-2R2Y-7180-00000-00.txt,[state],"[would, collect]",[less]
7V4B-GJD1-2R2Y-7180-00000-00.txt,[it],"[is, scheduled]","[to, spend, during, the, next, two, -, year, budget, period]"
7V4B-GJD1-2R2Y-7180-00000-00.txt,"[state, law]",[prohibits],[Stinson]
7V4B-GJD1-2R2Y-7180-00000-00.txt,[he],[releases],[it]
7V4B-GJD1-2R2Y-7180-00000-00.txt,"[he, team]","[have, been, crunching]",[data]
7V4B-GJD1-2R2Y-7180-00000-00.txt,[one],"[can, make]",[predictions]
7V4B-GJD1-2R2Y-7180-00000-00.txt,[Stinson],[interrupted],[number]
7V4B-GJD1-2R2Y-7180-00000-00.txt,[he],[said],[what]
7V4B-GJD1-2R2Y-7180-00000-00.txt,[you],"[would, characterize]",[it]
7V4B-GJD1-2R2Y-7180-00000-00.txt,[recession],"[is, going]","[to, last, longer, and, be, deeper, and]"
7V4B-GJD1-2R2Y-7180-00000-00.txt,[damage],"[is, going]","[to, be, greater, than, we, expected]"
7V4B-GJD1-2R2Y-7180-00000-00.txt,[it],[does],[that]
7V4B-GJD1-2R2Y-7180-00000-00.txt,[We],[expect],"[housing, starts]"
7V4B-GJD1-2R2Y-7180-00000-00.txt,[we],"['ve, lost]",[jobs]
7V4B-GJD1-2R2Y-7180-00000-00.txt,[we],[think],[jobs]
7V4B-GJD1-2R2Y-7180-00000-00.txt,[that],"['s, going]","[to, go, on, for, several, months]"
7V4B-GJD1-2R2Y-7180-00000-00.txt,[we],"['re, going]","[to, lose, 100,000, jobs, between, now, and, the, time, the, economy, turns, up]"
7V4B-GJD1-2R2Y-7180-00000-00.txt,[receipts],"[are, going]","[to, go, down, --]"
7V4B-GJD1-2R2Y-7180-00000-00.txt,[we],[did],[forecast]
7V4B-GJD1-2R2Y-7180-00000-00.txt,[We],[showed],[graphs]
7V4B-GJD1-2R2Y-7180-00000-00.txt,[we],[called],[graphs]
7V4B-GJD1-2R2Y-7180-00000-00.txt,[we],[said],[graphs]
7V4B-GJD1-2R2Y-7180-00000-00.txt,"[meltdown, scenario]",[had],"[percent, decline]"
7V4B-GJD1-2R2Y-7180-00000-00.txt,[we],[have],[percent]
7V4B-GJD1-2R2Y-7180-00000-00.txt,[we],[lose],[percent]
7V4B-GJD1-2R2Y-7180-00000-00.txt,[we],[lose],[percent]
7V4B-GJD1-2R2Y-7180-00000-00.txt,[scenario],[says],[percent]
7V4B-GJD1-2R2Y-7180-00000-00.txt,[we],[lose],[percent]
7V4B-GJD1-2R2Y-7180-00000-00.txt,[we],[had],"[Great, Depression]"
7V4B-GJD1-2R2Y-7180-00000-00.txt,[We],"['re, going]","[to, lose, 2.5, percent, in, real, GDP, in, 2009]"
7V4B-GJD1-2R2Y-7180-00000-00.txt,[we],[lost],[percent]
7V4B-GJD1-2R2Y-7180-00000-00.txt,[we],[had],"[unemployment, rate]"
7V4B-GJD1-2R2Y-7180-00000-00.txt,[We],"['re, not, going]","[to, have, a, 25, percent, unemployment, rate, now]"
7V4B-GJD1-2R2Y-7180-00000-00.txt,[It],"['s, going]","[to, take, us, until, 2011, ,, 2012, to, get, back, to, where, we, were, in, the, middle, of, 2007.Q]"
7V4B-GJD1-2R2Y-7180-00000-00.txt,[We],[know],"[to, know, when, it, is, going, to, turn, around]"
7V4B-GJD1-2R2Y-7180-00000-00.txt,[economy],"[is, going]","[to, turn, around]"
7V4B-GJD1-2R2Y-7180-00000-00.txt,[we],[need],"[to, know, when, it, is, going, to, turn, around]"
7V4B-GJD1-2R2Y-7180-00000-00.txt,[it],"[is, going]","[to, turn, around]"
7V4B-GJD1-2R2Y-7180-00000-00.txt,[that],"[does, tell]",[What]
7V4B-GJD1-2R2Y-7180-00000-00.txt,[It],[tells],[us]
7V4B-GJD1-2R2Y-7180-00000-00.txt,[it],"[was, going]","[to, be]"
7V4B-GJD1-2R2Y-7180-00000-00.txt,[what],"['s, going]","[to, happen, between, now, and, the, end, of, June, and, between, now, and, the, end, of, next, year]"
7V4B-GJD1-2R2Y-7180-00000-00.txt,[we],[have],"[to, worry, about]"
7V4B-GJD1-2R2Y-7180-00000-00.txt,[we],[is],"[to, turn, around, if, the, U.S., economy, turns, around]"
7V4B-GJD1-2R2Y-7180-00000-00.txt,[we],"['re, going]","[to, turn, around, if, the, U.S., economy, turns, around]"
7V4B-GJD1-2R2Y-7180-00000-00.txt,[They],[have],"[to, start, functioning, in, a, more, normal, manner]"
7V4B-GJD1-2R2Y-7180-00000-00.txt,[consumers],[have],"[to, start, spending, again]"
7V4B-GJD1-2R2Y-7180-00000-00.txt,[consumer],"[does, start]","[spending, again]"
7V4B-GJD1-2R2Y-7180-00000-00.txt,[It],"['s, complicated]",[fact]
7V4B-GJD1-2R2Y-7180-00000-00.txt,"[baby, boom, generation]","[is, getting]","[portion, to, save, more]"
7V4B-GJD1-2R2Y-7180-00000-00.txt,[they],"['ve, lost]",[portion]
7V4B-GJD1-2R2Y-7180-00000-00.txt,[reaction],[is],"[to, save, more]"
7V4B-GJD1-2R2Y-7180-00000-00.txt,[That],"[would, make]",[sense]
7V4B-GJD1-2R2Y-7180-00000-00.txt,[they],"[will, have]",[life]
7V4B-GJD1-2R2Y-7180-00000-00.txt,[you],[save],[more]
7V4B-GJD1-2R2Y-7180-00000-00.txt,[you],[spend],[less]
7V4B-GJD1-2R2Y-7180-00000-00.txt,[you],[spend],[less]
7V4B-GJD1-2R2Y-7180-00000-00.txt,[workers],[producing],"[goods, services]"
7V4B-GJD1-2R2Y-7180-00000-00.txt,[that],[keeps],"[going, on, down]"
7V4B-GJD1-2R2Y-7180-00000-00.txt,[it],[levels],[point]
7V4B-GJD1-2R2Y-7180-00000-00.txt,[we],[reach],[point]
7V4B-GJD1-2R2Y-7180-00000-00.txt,[This],[sounds],"[gloom, doom]"
7V4B-GJD1-2R2Y-7180-00000-00.txt,"[credit, markets]","[are, showing]",[signs]
7V4B-GJD1-2R2Y-7180-00000-00.txt,"[president, Congress]",[passed],[package]
7V4B-GJD1-2R2Y-7180-00000-00.txt,[it],[saved],"[jobs, that]"
7V4B-GJD1-2R2Y-7180-00000-00.txt,[We],[made],[progress]
7V4B-GJD1-2R2Y-7180-00000-00.txt,[we],"['re, being, buffeted]",[headwinds]
7V4B-GJD1-2R2Y-7180-00000-00.txt,"[care, industry]","[has, had]",[layoffs]
7V4B-GJD1-2R2Y-7180-00000-00.txt,[you],[put],[forecast]
7V4B-GJD1-2R2Y-7180-00000-00.txt,[we],[do],[forecast]
7V4B-GJD1-2R2Y-7180-00000-00.txt,[That],[comes],[outlook]
7V4B-GJD1-2R2Y-7180-00000-00.txt,[we],[do],[outlook]
7V4B-GJD1-2R2Y-7180-00000-00.txt,[we],"[have, created]",[that]
7V4B-GJD1-2R2Y-7180-00000-00.txt,[I],[asked],[you]
7V4B-GJD1-2R2Y-7180-00000-00.txt,[you],"[were, going]","[how, much, money, to, earn, in, 2010, and, 2011]"
7V4B-GJD1-2R2Y-7180-00000-00.txt,[I],[asked],[you]
7V4B-GJD1-2R2Y-7180-00000-00.txt,[you],"[were, going]","[how, much, money, to, spend, on, big, -, ticket, items]"
7V4B-GJD1-2R2Y-7180-00000-00.txt,[you],"[could, tell]",[me]
7V4B-GJD1-2R2Y-7180-00000-00.txt,[economists],"[do, n't, have]",[feelings]
7V4B-GJD1-2R2Y-7180-00000-00.txt,[what],"['s, going]","[to, happen]"
7V4B-GJD1-2R2Y-7180-00000-00.txt,[we],[do],[What]
7V4B-GJD1-2R2Y-7180-00000-00.txt,[you],"[Do, feel]",[pressure]
7V4B-GJD1-2R2Y-7180-00000-00.txt,[I],"['m, not, employed]",[state]
7V4B-GJD1-2R2Y-7180-00000-00.txt,[I],"['m, employed]",[University]
7V4B-GJD1-2R2Y-7180-00000-00.txt,[I],[give],[notice]
7V4B-GJD1-2R2Y-7180-00000-00.txt,[I],"[can, leave]","[job, amount]"
7V4B-GJD1-2R2Y-7180-00000-00.txt,[I],"['d, have]",[job]
7V4B-GJD1-2R2Y-7180-00000-00.txt,[I],[make],[amount]
7V4B-GJD1-2R2Y-7180-00000-00.txt,[We're],[trying],[estimate]
7V4B-GJD1-2R2Y-7180-00000-00.txt,[they],[want],"[what, to, do, with, that, estimate, after, that]"
7V4B-GJD1-2R2Y-7180-00000-00.txt,[recession],"[is, going]","[to, come, to, an, end, ,, too]"
7V4B-GJD1-2R2Y-7180-00000-00.txt,[we],[need],"[to, be, thinking, about, how, we, position, ourselves, for, the, good, times, that, are, going, to, follow, and, make, sure, that, we, keep, the, foundation, for, economic, success, that, we, can, depend, on, in, the, future]"
7V4B-GJD1-2R2Y-7180-00000-00.txt,[we],[position],[ourselves]
7V4B-GJD1-2R2Y-7180-00000-00.txt,[that],"[are, going]","[to, follow, and, make, sure, that, we, keep, the, foundation, for, economic, success, that, we, can, depend, on, in, the, future]"
7V4B-GJD1-2R2Y-7180-00000-00.txt,[we],[keep],[foundation]
4V9P-VY20-TX12-N1M1-00000-00.txt,"[mortgage, business]",[appears],"[to, be, entering, 2009, on, an, upswing]"
4V9P-VY20-TX12-N1M1-00000-00.txt,"[Area, mortgage, specialists]",[reported],"[business, concluding]"
4V9P-VY20-TX12-N1M1-00000-00.txt,"[Jeff, Beck]",[said],"[interest, rates]"
4V9P-VY20-TX12-N1M1-00000-00.txt,[economy],[said],"[predictions.\""It]"
4V9P-VY20-TX12-N1M1-00000-00.txt,"[home, owners]","[may, see]",[mid-4s]
4V9P-VY20-TX12-N1M1-00000-00.txt,[economy],[complicates],"[predictions.\""It]"
4V9P-VY20-TX12-N1M1-00000-00.txt,[Realtors],"[are, dropping]",[licenses]
4V9P-VY20-TX12-N1M1-00000-00.txt,[I],"[have, been, talking]",[it]
4V9P-VY20-TX12-N1M1-00000-00.txt,[they],[say],[it]
4V9P-VY20-TX12-N1M1-00000-00.txt,[we],[have],[type]
4V9P-VY20-TX12-N1M1-00000-00.txt,[I],"[have, never, experienced]",[it]
4V9P-VY20-TX12-N1M1-00000-00.txt,[rates],"[are, going]","[to, go, lower]"
4V9P-VY20-TX12-N1M1-00000-00.txt,[lot],"[are, hoping]","[to, refinance, at, 4.5]"
4V9P-VY20-TX12-N1M1-00000-00.txt,[them],"[to, get]","[possible.\""John, Meile]"
4V9P-VY20-TX12-N1M1-00000-00.txt,[who],[services],[accounts]
4V9P-VY20-TX12-N1M1-00000-00.txt,[he],"[has, processed]",[loans]
4V9P-VY20-TX12-N1M1-00000-00.txt,"[\""That]",[caused],[mess]
4V9P-VY20-TX12-N1M1-00000-00.txt,[companies],"[have, vowed]","[not, to, do, that, again]"
4V9P-VY20-TX12-N1M1-00000-00.txt,[people],"[to, claim]",[taxes]
4V9P-VY20-TX12-N1M1-00000-00.txt,[Fed],"[is, bound]","[to, help, this, market, rebound, and, get, economic, recovery, going,\]"
4V9P-VY20-TX12-N1M1-00000-00.txt,[Fed],[determined],"[to, help, this, market, rebound, and, get, economic, recovery, going,\]"
4V9P-VY20-TX12-N1M1-00000-00.txt,[market],[rebound],"[recovery, going,\]"
4V9P-VY20-TX12-N1M1-00000-00.txt,[market],[get],"[recovery, going,\]"
4V9P-VY20-TX12-N1M1-00000-00.txt,"[\""The, Fed]","[is, going]","[to, get, interest, rates, as, low, as, possible, to, make, it, attractive, for, home, owners.\""Charlene, Walker, ,, a, local, Realtor, with, Re, /, Max, Preferred, Partners, and, a, Realtor, for, 23, years]"
4V9P-VY20-TX12-N1M1-00000-00.txt,[we],[have],[bargains]
4V9P-VY20-TX12-N1M1-00000-00.txt,"[\""We]",[have],"[to, get, the, seeds, of, confidence, going.\""Walker]"
4V9P-VY20-TX12-N1M1-00000-00.txt,[she],[said],"[to, get, the, seeds, of, confidence, going.\""Walker]"
4V9P-VY20-TX12-N1M1-00000-00.txt,[many],"[have, heard]",[news]
4V9P-VY20-TX12-N1M1-00000-00.txt,[she],[believes],"[to, get, the, seeds, of, confidence, going.\""Walker]"
4V9P-VY20-TX12-N1M1-00000-00.txt,"[looking.\""dan_brannan@thetelegraph.comTo]","[is, see]",[more]
4VCM-GVP0-TWTK-S1H3-00000-00.txt,[rate],"[is, expected]","[to, average, 7.2, percent, in, 2009]"
4VCM-GVP0-TWTK-S1H3-00000-00.txt,[Pittsburgh],"[will, have]",[year]
4VCM-GVP0-TWTK-S1H3-00000-00.txt,[level],"[would, mean]",[Americans]
4VCM-GVP0-TWTK-S1H3-00000-00.txt,[that],"[should, create]",[jobs]
4VCM-GVP0-TWTK-S1H3-00000-00.txt,[that],[induce],[spending]
4VCM-GVP0-TWTK-S1H3-00000-00.txt,[which],"[should, help]","[free, up, credit, for, businesses, and, consumers, ,, including, home, mortgages]"
4VCM-GVP0-TWTK-S1H3-00000-00.txt,[easing],"[has, driven]","[rate, mortgages]"
4VCM-GVP0-TWTK-S1H3-00000-00.txt,[We],"['re, not, going]","[to, have, a, Depression]"
4VCM-GVP0-TWTK-S1H3-00000-00.txt,[that],[dragged],[economies]
4VCM-GVP0-TWTK-S1H3-00000-00.txt,[that],"[is, starting]","[do, the, same, to, economies, in, most, of, Asia, and, Latin, America]"
4TS7-8D50-TX12-N155-00000-00.txt,"[Madison, County, communities]","[are, n't, seeing]",[much]
4TS7-8D50-TX12-N155-00000-00.txt,[we],"['ve, been, holding]","[own,\]"
4TS7-8D50-TX12-N155-00000-00.txt,[that],"[do, n't, experience]",[growth]
4TS7-8D50-TX12-N155-00000-00.txt,[They],"['re, paying]",[attention]
4TS7-8D50-TX12-N155-00000-00.txt,[they],"['re, wanting]","[to, buy, or, sell]"
4TS7-8D50-TX12-N155-00000-00.txt,[number],"[has, matched]",[that]
4TS7-8D50-TX12-N155-00000-00.txt,[they],"[have, seen]",[foreclosures]
4TS7-8D50-TX12-N155-00000-00.txt,[Suguitan],"[has, made]",[share]
4TS7-8D50-TX12-N155-00000-00.txt,[who],[sees],"[shadow, foresees]"
4TS7-8D50-TX12-N155-00000-00.txt,[market],"[is, starting]","[to, see, the, end, of, tunnel]"
4TS7-8D50-TX12-N155-00000-00.txt,[he],[thinks],"[to, see, the, end, of, tunnel]"
4TS7-8D50-TX12-N155-00000-00.txt,[he],[remains],"[to, see, the, end, of, tunnel]"
4TS7-8D50-TX12-N155-00000-00.txt,[homebuyers],"[to, get]",[approval]
4TS7-8D50-TX12-N155-00000-00.txt,"[community, banks]","[are, doing]",[best]
4TS7-8D50-TX12-N155-00000-00.txt,[who],"[can, advise]","[them,\]"
4TS7-8D50-TX12-N155-00000-00.txt,[person],"[is, looking]","[to, buy, or, refinance]"
4TS7-8D50-TX12-N155-00000-00.txt,"[\""(It, you]","[could, get]","[loans, them]"
4TS7-8D50-TX12-N155-00000-00.txt,[banks],"[would, originate]",[loans]
4TS7-8D50-TX12-N155-00000-00.txt,"[\""(It, you]",[sell],[them]
4TS7-8D50-TX12-N155-00000-00.txt,[institutions],"[would, guarantee]",[pools]
4TS7-8D50-TX12-N155-00000-00.txt,[institutions],[sell],[them]
4TS7-8D50-TX12-N155-00000-00.txt,[it],"['s, going]","[to, continue, to, be, restrictive, for, a, period, of, time,\]"
4TS7-8D50-TX12-N155-00000-00.txt,"[they, banks]","[can, have, taken]",[initiative]
4TS7-8D50-TX12-N155-00000-00.txt,[they],"[do, n't, give]",[more]
4TS7-8D50-TX12-N155-00000-00.txt,[borrowers],"[are, n't]",[more]
4TS7-8D50-TX12-N155-00000-00.txt,[they],"[said.laura_griffith@thetelegraph.comTo, see]",[more]